Modelo,BA Train,BA CV,BA Test
Balanced Decision Forest,0.5703687988171211,0.5252,0.4709642749671072
