Modelo,BA Train,BA CV,BA Test
KNN,0.9900628328389885,0.39522757950478415,0.39479500240248483
