Modelo,BA Train,BA CV,BA Test
Logistic regression,0.5273776133867686,0.5232173650926069,0.4943335666804778
