Modelo,BA Train,BA CV,BA Test
Red Neuronal MLP,0.3865009249544739,0.3892745840831427,0.3880962189605182
